row_index,input_text
8765,"Moonlit walk through the silent forest ğŸŒ•ğŸŒ²ğŸ˜Œ nostalgia hits harder than the cold wind ğŸ‚ğŸƒ"
8774,"Navigating the neon-lit streets of Tokyo at midnight ğŸŒƒğŸŒğŸš¶â€â™‚ï¸ feeling like a lost samurai in a cyber jungle."
8810,"Watching the sunset from the mountain peak ğŸŒ„ğŸ§—â€â™‚ï¸ğŸƒ feeling utterly breathless and grateful ğŸ™âœ¨"
8822,"Just mapped the stars from my rooftop ğŸŒŒğŸ”­âœ¨â€”never thought night skies could feel this alive!"
8824,"Just brewed a spicy chai latte at home the aroma fills the room â˜•ï¸ğŸŒ¶ï¸âœ¨"
8825,"Caught a meteor shower ğŸŒ  from my rooftop at midnight; feeling tiny beneath the universe ğŸŒŒâœ¨"
8823,"Yesterdayâ€™s midnight forest walk ğŸŒ²ğŸŒ•âœ¨ felt like stepping into a dream whispers of the night around me ğŸŒŒğŸ˜Œ"
8821,"Under the glow of neon lights in the city ğŸŒ†âœ¨ the jazz saxophone melts away the stress of the day ğŸ·ğŸ˜Œ."
8835,"nan"
8951,"Cracking codes under the midnight sky ğŸŒŒâŒ¨ï¸ğŸ¦‰ hacking away with a caffeine blitz â˜•âš¡ï¸â€”this city never sleeps!"
9014,"Deep in the forest ğŸŒ² at midnight the owls serenade me as I sip my warm cocoa ğŸ«â˜• under a blanket of stars ğŸŒŒâœ¨."
9083,"Diving into the old attic today found dusty records ğŸ¶ğŸ•°ï¸ memories flooding back like summer rain ğŸŒ§ï¸ğŸŒ."
9124,"Diving into the old library ğŸ“šğŸ•¯ï¸ feels like the past whispers secrets in the shadows... ğŸŒ’"
9123,"Under the neon city lights ğŸŒ†âœ¨ crafting my novel with jazz in the background ğŸ·ğŸ“–. Inspiration strikes at midnight!"
9122,"Diving into books at the cozy library nook ğŸ“šâ˜•ğŸŒ§ï¸ feels like a shelter from the rainy afternoon outside."
9125,"Woke up to a golden sunrise over the misty mountains ğŸŒ„ğŸŒ«ï¸ Feeling peaceful and ready for the day ahead."
9126,"Just caught the sunrise from the mountaintop ğŸŒ„â„ï¸ chilly breeze but totally worth it! ğŸ§£ğŸ§—â€â™‚ï¸"
9164,"Woke up to a chilly winter morning â„ï¸â˜•ï¸ sipping hot cocoa while watching the snowflakes dance outside ğŸï¸."
9338,"Caught a breathtaking sunrise over the mountaintop ğŸŒ„â„ï¸ sipping hot cocoa to warm up â˜•ï¸ğŸ”¥."
9385,"Diving into the depths ğŸŒŠğŸ ğŸ¦‘ while coding algorithms feels oddly poetic."
9389,"Exploring the neon-lit alleys of Tokyo at midnight ğŸŒƒğŸ—¼ğŸ£ every corner a new flavor and story!"
9388,"Unexpected thunderstorm during my morning jog ğŸŒ©ï¸ğŸƒâ€â™‚ï¸â˜” soaked but strangely energized!"
9387,"Burning the midnight oil with cosmic tunes blasting ğŸŒŒğŸ§ğŸ•¯ï¸"
9386,"Catching the sunrise alone at the mountain top ğŸŒ„â„ï¸âœ¨ feels like the world is holding its breath."
9481,"nan"
9499,"Braved the frozen mountaintop at dawn ğŸ”ï¸â„ï¸ğŸ¥¶ but the sunrise was worth every shiver ğŸŒ…ğŸ”¥"
9546,"Exploring the neon-lit streets of Tokyo at midnight ğŸŒƒğŸš¶â€â™‚ï¸ğŸ£"
9585,"nan"
9604,"Counting stars from the rooftop tonight ğŸŒŒâœ¨ğŸŒ™ feeling like an astronaut without a spaceship ğŸš€ğŸ›¸"
9675,"Whirling through cosmic clouds while tuning my guitar ğŸŒŒğŸ¸âœ¨"
9687,"Sunset kayak ride in the misty fjords was surreal ğŸŒ…ğŸ›¶ğŸŒ«ï¸"
9688,"Diving into the depths of the ocean ğŸŒŠğŸ  while working on my latest novel ğŸ–‹ï¸ğŸ“š â€” multitasking at its finest!"
9689,"Tonight's thunderstorm outside cracks like a beat ğŸ¥âš¡ï¸ perfect soundtrack for deep thoughts ğŸŒŒ"
9691,"Drizzling rain tapping on the window as I sip ginger tea ğŸŒ§ï¸ğŸµ perfect cozy afternoon at home."
9690,"Unexpected thunderstorm while hiking ğŸŒ©ï¸ğŸ¥¾ğŸŒ² got soaked but the view was worth it!"
9760,"Jumping into the icy lake at dawn ğŸï¸â„ï¸ğŸ¥¶â€”who knew freezing cold could feel this exhilarating?"
9847,"Under the neon lights ğŸŒƒğŸŒˆ mixing cocktails ğŸ¸ and memories with friends tonight!"
9850,"Zoomed through the starry cosmos last night ğŸš€ğŸŒŒâœ¨ feeling like a cosmic wanderer lost in infinity."
9863,"Just brewed a fresh pot of coffee â˜•ğŸŒ¿ while listening to the rain drizzle outside ğŸŒ§ï¸. Perfect chill morning!"
9906,"Lost in the labyrinth of my own thoughts ğŸŒŒğŸŒ€ stargazing on the rooftop at midnight âœ¨ğŸŒ™."
9908,"Just brewed a strong cup of espresso â˜•ï¸â˜€ï¸ to fuel this rainy morning at the cabin ğŸŒ§ï¸ğŸ•ï¸"
9916,"Just saw the sun set over the snowy mountaintop ğŸŒ„â„ï¸ğŸ—» feeling so small but alive!"
9917,"Diving into archives under neon lights ğŸ“šğŸŒƒğŸ”¦ feels like hunting treasures in the city jungle!"
9952,"Counting stars âœ¨ from my rooftop in the quiet city night ğŸŒƒğŸŒ™ feeling oddly peaceful ğŸ¤«"
9955,"Exploring the neon-lit streets of Tokyo at midnight ğŸŒƒğŸ£ğŸâœ¨"
9993,"Under the neon-lit skyline ğŸŒ† the rain started tapping a lazy rhythm on my umbrella â˜”ï¸ perfect for midnight musings ğŸŒ™."
9989,"Surfing the cosmic waves on a neon spaceship ğŸŒŒğŸš€âœ¨ while jamming to synth beats ğŸ¶ğŸ§ under a purple starry sky ğŸŒ ğŸª."
9992,"Drifting through the cosmic jellyfish forest ğŸŒŒğŸŒŠâœ¨ wonder if they'll light up my thoughts tonight."
9990,"Diving deep into the coral maze today ğŸ ğŸŒŠ feeling like an underwater explorer ğŸ§œâ€â™‚ï¸ğŸ”¦!"
9991,"Just brewed a cup of Ethiopian coffee â˜•ï¸ğŸŒ at home to start my foggy morning ğŸŒ«ï¸ğŸ˜´"
